LotArea,OverallQual,OverallCond,YearBuilt,YearRemodAdd,ExterQual,ExterCond,BedroomAbvGr,GarageCars,PoolArea,SalePrice,Artery
8450,7,5,19,19,4,3,3,2,0,208500,0
9600,6,8,46,46,3,3,3,2,0,181500,0
11250,7,5,21,20,4,3,3,2,0,223500,0
9550,7,5,107,52,3,3,3,3,0,140000,0
14260,8,5,22,22,4,3,4,3,0,250000,0
14115,5,5,29,27,3,3,1,2,0,143000,0
10084,8,5,18,17,4,3,3,2,0,307000,0
10382,7,6,49,49,3,3,3,2,0,200000,0
6120,7,5,91,72,3,3,2,2,0,129900,1
7420,5,6,83,72,3,3,2,1,0,118000,1
11200,5,5,57,57,3,3,3,1,0,129500,0
11924,9,5,17,16,5,3,4,3,0,345000,0
12968,5,6,60,60,3,3,2,1,0,144000,0
10652,7,5,16,15,4,3,3,3,0,279500,0
10920,6,5,62,62,3,3,2,1,0,157000,0
6120,7,8,93,21,3,3,2,2,0,132000,0
11241,6,7,52,52,3,3,2,2,0,149000,0
10791,4,5,55,55,3,3,2,2,0,90000,0
13695,5,5,18,18,3,3,3,2,0,159000,0
7560,5,6,64,57,3,3,3,1,0,139000,0
14215,8,5,17,16,4,3,4,3,0,325300,0
7449,7,7,92,72,3,3,3,1,0,139400,0
9742,8,5,20,20,4,3,3,2,0,230000,0
4224,5,7,46,46,3,3,3,2,0,129900,0
8246,5,8,54,21,3,4,3,1,0,154000,0
14230,8,5,15,15,4,3,3,3,0,256300,0
7200,5,7,71,22,3,3,3,2,0,134800,0
11478,8,5,15,14,4,3,3,3,0,306000,0
16321,5,6,65,25,3,3,2,1,0,207500,0
6324,4,6,95,72,3,3,1,1,0,68500,0
8500,4,4,102,72,3,2,3,1,0,40000,0
8544,5,6,56,16,3,3,3,1,0,149350,0
11049,8,5,15,15,4,3,3,2,0,179900,0
10552,5,5,63,63,3,3,4,2,0,165500,0
7313,9,5,17,17,5,3,2,2,0,277500,0
13418,8,5,18,17,4,3,4,3,0,309000,0
10859,5,5,28,27,3,3,3,2,0,145000,0
8532,5,6,68,32,3,3,3,2,0,153000,0
7922,5,7,69,15,3,4,3,1,0,109000,0
6040,4,5,67,67,3,3,2,0,0,82000,0
8658,6,5,57,57,3,3,3,2,0,160000,0
16905,5,6,63,63,3,4,2,1,0,170000,0
9180,5,7,39,39,3,3,2,2,0,144000,0
9200,5,6,47,42,3,3,3,1,0,130250,0
7945,5,6,63,63,3,3,3,1,0,141000,0
7658,9,5,17,17,5,3,2,2,0,319900,0
12822,7,5,19,19,4,3,1,2,0,239686,0
11096,8,5,16,16,4,3,3,3,0,249700,0
4456,4,5,102,14,3,3,2,0,0,113000,0
7742,5,7,56,56,3,3,3,1,0,127000,0
13869,6,6,25,25,3,3,3,2,0,177000,0
6240,6,6,88,72,3,3,3,2,0,114500,0
8472,5,5,59,59,2,3,2,2,0,110000,0
50271,9,5,41,35,4,3,0,3,0,385000,0
7134,5,5,67,67,3,3,3,2,0,130000,0
10175,6,5,58,58,3,3,3,2,0,180500,0
2645,8,5,23,22,4,3,3,2,0,172500,0
11645,7,5,18,18,4,3,3,2,0,196500,0
13682,10,5,16,16,5,3,3,3,0,438780,0
7200,5,7,50,50,3,3,2,1,0,124900,0
13072,6,5,18,18,3,3,3,2,0,158000,0
7200,5,7,102,26,3,3,3,1,0,101000,0
6442,8,5,16,16,4,3,2,2,0,202500,0
10300,7,6,101,72,3,3,3,2,0,140000,0
9375,7,5,25,24,3,3,3,2,0,219500,0
9591,8,5,18,17,4,3,4,3,0,317000,0
19900,7,5,52,33,3,3,3,2,0,180000,0
10665,7,5,19,19,4,3,3,2,0,226000,0
4608,4,6,77,72,3,4,2,1,0,80000,1
15593,7,4,69,69,4,3,3,2,0,225000,0
13651,7,6,49,49,3,4,3,2,0,244000,0
7599,4,6,40,16,3,3,2,2,0,129500,0
10141,7,5,24,24,3,3,3,2,0,185000,0
10200,5,7,68,19,3,3,3,2,0,144900,0
5790,3,6,107,72,4,4,3,1,0,107400,0
1596,4,5,49,49,3,3,2,1,0,91000,0
8475,4,7,66,66,3,3,2,1,0,135750,0
8635,5,5,74,21,3,3,2,1,0,127000,0
10778,4,5,54,54,3,3,4,0,0,136500,0
10440,5,6,112,41,3,3,2,2,0,110000,0
13000,6,6,54,54,3,4,4,1,0,193500,0
4500,6,5,24,24,3,4,2,2,0,153500,0
10206,8,5,15,15,3,3,3,3,0,245000,0
8892,5,5,62,62,3,3,3,2,0,126500,0
8530,7,5,27,26,3,3,3,2,0,168500,0
16059,8,5,31,30,4,3,4,2,0,260000,0
11911,6,5,17,17,4,3,3,2,0,174000,0
3951,6,5,13,13,4,3,2,2,0,164500,0
8470,3,2,107,40,2,2,2,0,0,85000,0
8070,4,5,28,27,3,3,3,0,0,123600,0
7200,4,5,72,72,3,3,2,2,0,109900,0
8500,5,3,61,61,3,3,2,2,0,98600,0
13360,5,7,101,16,3,4,2,2,0,163500,0
7200,6,6,112,24,3,3,4,2,0,133900,0
9337,6,5,25,25,3,4,3,2,0,204750,0
9765,6,8,29,29,5,4,3,2,0,185000,0
10264,7,5,23,23,4,3,3,2,0,214000,0
10921,4,5,57,57,3,3,3,1,0,94750,0
10625,5,5,102,72,3,3,2,1,0,83000,0
9320,4,5,63,63,3,3,3,0,0,128950,0
10603,6,7,45,21,3,3,3,2,0,205000,0
9206,6,5,37,37,4,3,3,2,0,178000,0
7018,5,5,43,43,3,2,4,2,0,118964,0
10402,7,5,13,13,3,3,3,3,0,198900,0
7758,7,4,91,72,3,2,4,1,0,169500,0
9375,8,5,19,18,4,3,3,2,0,250000,0
10800,4,7,137,27,3,3,2,1,0,100000,0
6000,5,5,74,72,3,3,2,1,0,115000,0
8500,5,7,103,17,3,3,3,0,0,115000,1
11751,6,6,45,45,3,3,3,2,0,190000,0
9525,6,4,68,50,3,3,4,1,0,136900,0
7750,7,5,22,22,3,3,3,2,0,180000,0
9965,7,5,15,15,4,3,4,3,0,383970,0
21000,6,5,69,69,3,4,3,2,0,217000,0
7259,6,8,77,20,3,3,3,1,0,259500,0
3230,6,5,23,23,3,3,2,2,0,176000,0
11616,5,5,60,60,3,3,3,1,0,139000,0
8536,5,5,16,15,3,3,2,2,0,155000,0
12376,7,5,32,32,3,3,5,3,0,320000,0
8461,6,5,17,16,4,3,3,2,0,163990,0
21453,6,5,53,53,3,3,1,2,0,180000,0
6060,4,5,83,72,3,3,3,1,0,100000,0
9464,6,7,64,64,3,4,3,1,0,136000,0
7892,6,5,29,29,4,3,2,2,0,153900,0
17043,6,5,43,24,3,4,3,2,0,181000,0
6780,6,8,87,40,3,2,2,0,0,84500,0
4928,6,5,46,46,3,3,2,2,0,128000,0
4388,5,7,92,72,3,4,3,0,0,87000,0
7590,6,5,56,56,3,3,3,2,0,155000,0
8973,5,7,64,31,3,3,3,2,0,150000,0
14200,7,6,56,56,3,3,4,2,0,226000,0
12224,6,5,22,22,4,3,3,2,0,244000,0
7388,5,6,63,20,3,3,3,2,0,150750,0
6853,8,5,21,20,4,3,2,2,0,220000,0
10335,5,6,54,29,3,3,3,2,0,180000,0
10400,7,6,52,52,3,3,3,2,0,174000,0
10355,5,5,55,55,3,3,3,1,0,143000,0
11070,7,5,34,33,3,3,5,3,0,171000,0
9066,8,5,23,22,4,3,3,3,0,230000,0
15426,6,5,25,25,3,3,3,2,0,231500,0
10500,4,5,51,51,3,3,3,0,0,115000,0
11645,7,5,17,17,4,3,3,2,0,260000,0
8520,5,4,70,70,3,2,4,2,0,166000,1
10335,7,5,23,23,4,3,3,2,0,204000,0
9100,5,5,59,59,3,3,6,2,0,125000,0
2522,6,5,18,16,4,3,3,2,0,130000,0
6120,5,7,91,29,3,3,2,1,0,105000,0
9505,7,5,21,21,4,3,3,2,0,222500,0
7500,7,5,18,17,3,3,3,0,0,141000,0
6240,5,4,86,72,3,3,3,1,0,115000,0
10356,5,6,47,47,3,3,3,2,0,122000,0
13891,8,5,15,14,4,3,2,3,0,372402,0
14803,6,5,51,51,3,3,4,2,0,190000,0
13500,6,7,62,47,3,3,1,2,0,235000,0
11340,6,5,99,72,3,3,4,1,0,125000,0
9600,6,5,98,72,3,3,2,0,0,79000,1
7200,5,7,72,72,3,3,2,2,0,109500,0
12003,8,5,13,12,4,3,4,3,0,269500,0
12552,7,5,18,17,4,3,3,2,0,254900,0
19378,7,5,17,16,4,3,4,2,0,320000,0
11120,6,6,38,38,3,3,3,2,0,162500,0
13688,9,5,19,18,4,3,3,3,0,412500,0
12182,7,5,17,17,4,3,3,2,0,220000,0
5500,4,6,66,66,3,3,1,0,0,103200,0
5400,6,7,96,18,3,4,3,1,0,152000,0
10106,5,7,82,23,3,4,4,0,0,127500,0
10708,5,5,67,29,4,3,2,1,0,190000,0
10562,8,5,15,15,4,3,3,3,0,325624,0
8244,7,5,18,18,4,3,3,2,0,183500,0
16669,8,6,41,41,4,3,2,2,0,228000,0
12358,5,6,81,72,3,3,2,2,0,128500,0
31770,6,5,62,62,3,3,3,2,0,215000,0
5306,7,7,35,35,4,4,2,2,0,239000,0
10197,6,5,61,61,3,3,3,2,0,163000,0
12416,6,5,36,36,3,3,3,2,0,184000,0
12615,6,7,72,21,3,3,4,2,0,243000,0
10029,6,5,34,33,4,3,4,2,0,211000,0
13650,5,5,64,64,4,4,4,2,0,172500,0
17423,9,5,14,13,5,3,1,3,0,501837,0
8520,5,6,99,16,4,3,2,2,0,100000,0
2117,6,5,22,22,4,3,3,2,0,177000,0
7588,7,6,102,72,3,3,4,1,0,200100,0
9060,5,6,65,16,3,3,3,1,0,120000,1
11426,7,5,19,19,3,3,3,2,0,200000,0
7438,5,8,114,31,3,3,3,2,0,127000,0
22950,10,9,130,29,4,4,4,3,0,475000,1
9947,7,5,32,31,3,3,3,2,0,173000,0
10410,5,7,106,35,3,3,3,1,0,135000,0
7018,5,5,43,43,3,3,2,2,0,153337,0
4923,8,5,21,20,4,3,0,2,0,286000,0
10570,8,8,90,28,4,3,3,2,0,315000,0
7472,7,9,50,18,3,3,4,2,0,184000,0
9017,7,5,23,23,4,3,3,2,0,192000,0
2522,7,5,18,18,4,3,3,2,0,130000,0
7180,5,7,50,50,3,3,3,1,0,127000,0
2280,6,6,46,46,3,3,3,2,0,148500,0
9416,7,5,15,15,5,3,3,3,0,311872,0
25419,8,4,104,32,4,4,4,2,512,235000,1
5520,6,6,110,72,3,3,5,0,0,104000,0
9591,8,5,18,17,4,3,3,3,0,274900,0
8546,4,5,19,18,3,3,2,2,0,140000,0
10125,6,6,45,45,3,3,3,2,0,171500,0
7000,6,6,98,72,3,4,2,1,0,112000,1
4438,6,5,18,18,4,3,1,2,0,149000,0
3500,5,7,75,72,3,3,2,1,0,110000,0
11851,7,5,32,32,3,3,3,2,0,180500,0
13673,5,5,60,60,3,4,3,1,0,143900,0
12493,4,5,62,62,3,3,3,1,0,141000,0
14364,7,5,34,33,4,3,3,2,0,277000,0
8250,6,7,58,58,3,3,3,2,0,145000,0
5604,5,6,97,72,3,3,2,0,0,98000,0
10420,6,5,13,13,3,3,3,2,0,186000,0
8640,7,5,13,13,3,3,3,2,0,252678,0
13568,5,5,27,27,3,3,3,2,0,156000,0
10900,6,7,45,45,3,3,3,1,0,161750,0
10011,5,6,65,26,3,3,2,1,0,134450,0
8450,7,5,18,18,4,3,3,2,0,210000,0
9906,4,4,97,72,3,3,3,1,0,107000,0
15660,7,9,83,16,4,4,3,2,0,311500,0
3010,7,5,17,16,4,3,2,2,0,167240,0
8990,7,5,16,16,4,3,2,2,0,204900,0
8068,6,5,20,20,4,3,4,2,0,200000,0
11475,6,6,47,47,3,3,3,2,0,179900,0
10500,4,6,51,51,3,3,2,2,0,97000,0
13472,10,5,19,19,5,3,3,3,0,386250,0
1680,5,5,51,51,3,3,3,1,0,112000,0
9950,7,5,27,27,4,3,4,3,0,290000,0
1869,6,6,52,52,3,3,2,1,0,106000,0
8521,5,5,55,55,3,3,3,1,0,125000,0
3182,7,5,17,16,4,3,2,2,0,192500,0
8760,6,6,63,63,3,3,3,1,0,148000,0
15138,8,5,27,26,4,3,4,3,0,403000,0
1680,6,5,50,50,3,3,2,1,0,94500,0
10650,5,6,46,46,3,3,3,1,0,128200,0
7851,6,5,20,20,4,3,4,2,0,216500,0
1680,6,3,51,51,3,3,2,1,0,89500,0
8773,7,5,18,18,4,3,3,2,0,185500,0
9453,7,7,29,19,4,3,3,2,0,194500,0
12030,8,5,15,15,5,3,3,3,0,318000,0
8741,6,4,77,72,3,3,3,1,0,113000,0
9000,8,5,14,14,4,3,3,2,0,262500,0
3880,5,9,77,25,3,4,2,0,0,110500,0
5000,5,4,122,72,3,3,3,1,0,79000,0
10762,6,6,42,42,3,3,3,1,0,120000,0
8880,7,5,28,20,4,3,3,2,0,205000,0
10400,7,5,34,34,3,3,3,2,0,241500,0
9142,6,8,112,72,3,2,4,1,0,137000,0
11310,6,5,68,68,3,3,2,2,0,140000,0
11317,7,5,19,19,4,3,3,2,0,180000,0
159000,6,7,64,16,4,3,4,2,0,277000,0
5350,3,2,82,56,3,1,3,0,0,76500,0
4750,8,5,16,15,4,3,2,2,0,235000,0
8366,6,5,18,18,4,3,3,2,0,173000,0
9350,6,7,58,31,3,3,3,1,0,158000,0
8400,5,6,65,65,3,4,3,1,0,145000,0
8738,7,5,23,23,4,3,4,2,0,230000,0
8791,6,5,19,19,4,3,3,2,0,207500,0
8814,7,5,16,16,4,3,3,2,0,220000,0
12435,7,5,21,21,4,3,3,2,0,231500,0
12702,5,5,66,66,3,3,2,1,0,97000,0
19296,6,5,60,60,3,3,3,2,0,176000,1
9588,8,5,15,15,4,3,3,3,0,276000,0
8471,6,7,45,27,3,3,3,2,0,151000,0
5500,5,7,93,21,3,3,3,2,0,130000,0
5232,5,5,97,18,3,3,2,2,0,73000,1
12090,6,6,41,41,3,4,3,2,0,175500,0
11207,6,5,25,25,3,3,3,2,0,185000,0
8400,5,8,83,25,3,3,4,1,0,179500,0
6900,5,6,82,67,3,3,2,1,0,120500,0
7917,6,7,46,46,3,4,3,1,0,148000,0
10728,8,5,16,16,4,3,3,3,0,266000,0
39104,7,7,68,17,3,3,2,2,0,241500,0
11764,8,7,23,15,4,3,4,3,0,290000,0
9600,6,6,64,34,3,3,3,1,0,139000,0
8314,5,7,40,40,3,3,2,1,0,124500,0
7264,7,7,97,15,4,4,3,2,0,205000,0
9196,7,5,19,19,4,3,3,2,0,201000,0
19138,4,5,71,71,3,3,2,2,0,141000,0
14450,9,5,16,15,5,3,3,3,0,415298,0
10005,7,5,45,45,3,3,4,2,0,192000,0
11287,7,6,33,33,4,3,3,2,0,228500,0
7200,6,5,16,16,4,3,2,2,0,185000,0
5063,7,5,15,14,4,3,2,2,0,207500,0
9612,8,5,14,13,4,3,3,3,0,244600,0
8012,6,5,30,30,4,3,2,2,0,179200,0
4251,7,5,16,15,4,3,2,2,0,164700,0
9786,6,7,60,41,3,3,3,2,0,159000,0
8125,4,4,51,51,3,3,3,0,0,88000,0
9819,5,5,55,55,3,4,3,1,0,122000,0
8730,6,7,107,19,3,3,3,1,0,153575,0
15611,8,5,16,16,4,3,3,2,0,233230,0
5687,5,6,110,22,3,2,6,0,0,135900,0
11409,5,4,73,14,3,3,3,1,0,131000,0
16659,7,7,45,28,3,3,3,2,0,235000,0
9600,6,5,69,69,3,3,3,2,0,167000,0
7937,6,6,38,38,3,3,3,2,0,142500,0
13710,5,5,72,72,3,3,4,1,0,152000,0
7399,7,5,25,24,4,3,3,2,0,239000,0
11700,6,6,54,54,4,3,3,2,0,175000,0
14000,6,8,72,18,3,4,3,1,0,158500,0
15750,5,5,69,69,3,3,2,1,0,157000,0
16226,8,5,24,23,4,3,4,2,0,267000,0
13704,7,5,21,20,4,3,3,3,0,205000,0
9800,5,7,50,50,3,3,3,2,0,149900,0
18386,7,9,142,20,3,3,3,3,0,295000,0
10386,8,5,18,17,4,3,3,3,0,305900,0
13474,7,5,32,31,4,3,4,3,0,225000,0
7920,6,7,102,72,3,2,3,0,0,89500,1
12342,4,5,82,72,3,3,1,2,0,82500,0
12378,9,5,19,18,4,3,3,3,0,360000,0
7685,6,5,29,28,3,3,3,2,0,165600,0
8000,6,6,74,20,3,4,2,1,0,132000,0
7800,5,7,83,72,3,3,3,2,0,119900,1
215245,7,5,57,57,3,3,3,2,0,375000,0
9600,7,7,97,32,3,3,3,2,0,178000,0
7795,7,5,18,17,4,3,3,2,0,188500,0
13005,7,7,42,42,4,3,4,2,0,260000,0
9000,8,5,16,16,4,3,3,3,0,270000,0
9900,7,5,29,29,4,3,4,3,0,260000,0
14115,7,5,42,42,3,3,3,2,0,187500,0
16259,9,5,16,16,3,3,4,3,0,342643,0
12099,8,5,18,18,4,3,4,3,0,354000,0
10380,7,5,36,35,4,3,4,2,0,301000,0
5820,3,8,67,17,3,4,3,1,0,126175,0
11275,7,7,55,15,4,4,5,2,0,242000,0
5000,5,6,81,72,3,3,2,2,0,87000,0
10846,8,5,29,29,4,3,1,2,0,324000,0
11600,6,5,62,62,3,3,3,1,0,145250,0
11888,6,6,106,28,3,3,5,2,0,214500,0
6402,5,5,102,72,3,3,3,1,0,78000,0
10624,5,4,58,58,3,3,6,1,0,119000,0
8176,5,6,64,30,3,3,3,1,0,139000,0
10655,8,5,19,18,4,3,3,3,0,284000,0
8198,7,5,18,18,4,3,2,2,0,207000,0
9042,6,5,24,24,3,3,3,2,0,192000,0
164660,5,6,57,57,3,3,3,2,0,228950,0
14157,9,5,17,16,4,3,3,3,0,377426,0
9135,7,5,20,19,4,3,3,2,0,214000,0
14145,7,7,38,24,4,3,3,2,0,202500,0
12400,6,7,64,24,3,3,3,1,0,155000,0
14191,8,5,20,20,4,3,4,2,0,202900,0
8400,4,4,72,72,2,2,2,1,0,82000,0
8544,3,4,73,72,3,3,2,2,0,87500,0
8849,9,5,17,17,5,3,2,2,0,266000,0
2592,5,3,46,46,3,3,3,1,0,85000,0
6435,6,5,83,72,3,3,3,1,0,140200,0
12772,6,8,62,24,3,4,2,1,0,151500,0
17600,6,5,62,62,3,3,3,2,0,157500,0
2448,7,5,19,18,4,3,2,2,0,154000,0
20431,9,5,17,16,5,3,4,3,0,437154,0
7820,9,5,15,15,5,3,2,2,0,318061,0
5271,7,5,36,36,3,3,2,2,0,190000,0
9084,5,6,81,72,3,3,3,1,0,95000,1
8520,6,8,94,19,3,4,2,2,0,105900,0
8400,6,5,82,22,3,3,2,1,0,140000,0
11249,6,5,27,27,4,4,3,2,0,177500,0
9248,6,6,30,30,3,3,3,2,0,173000,0
4224,5,5,46,46,3,3,3,2,0,134000,0
6930,5,4,64,64,3,3,3,1,0,130000,0
12011,8,5,24,24,4,3,3,2,0,280000,0
7540,6,6,44,44,3,3,2,2,0,156000,0
9144,5,5,82,40,3,3,3,1,0,145000,0
7301,7,5,19,19,4,3,4,2,0,198500,0
1680,6,8,50,15,3,3,2,1,0,118000,0
18800,6,5,46,46,3,3,3,2,0,190000,0
10690,5,7,102,25,3,4,3,1,0,147000,0
9500,6,5,59,59,3,3,3,2,0,159000,0
9150,6,5,60,60,3,3,3,1,0,165000,0
7800,5,6,68,68,3,3,2,1,0,132000,0
9830,5,7,63,16,3,4,3,2,0,162000,0
8121,6,5,22,22,3,3,3,2,0,172400,0
17120,4,4,63,63,3,3,4,2,0,134432,0
7175,6,5,38,38,3,3,2,1,0,125000,0
10634,5,6,69,69,3,3,3,1,0,123000,0
8200,7,5,19,18,4,3,4,2,0,219500,0
10020,1,1,100,72,2,2,1,0,0,61000,0
8846,5,5,26,26,4,3,2,2,0,148000,0
11143,8,5,18,17,4,3,4,2,0,340000,0
11394,9,2,12,12,4,3,1,3,0,394432,0
8123,6,5,22,22,3,3,3,2,0,179000,0
5000,5,6,98,72,3,3,3,1,0,127000,0
7200,7,5,16,16,4,3,2,2,0,187750,0
9245,7,5,16,16,4,3,3,2,0,213500,0
9000,6,3,94,72,3,3,2,2,0,76000,0
53107,6,5,30,30,4,3,3,2,0,240000,0
3182,8,5,18,17,4,3,2,2,0,192000,0
8410,5,3,112,26,3,2,5,0,0,81000,0
7200,6,6,46,46,3,3,3,1,0,125000,0
9382,7,5,23,22,4,3,3,2,0,191000,0
12474,10,5,15,14,5,3,3,3,0,426000,0
8405,5,8,122,72,3,3,4,1,0,119000,0
12209,6,5,21,20,3,3,3,2,0,215000,0
8339,5,7,63,63,3,3,3,1,0,106500,0
7446,4,5,81,72,3,3,2,0,0,100000,0
10134,5,6,82,72,3,3,2,1,0,109000,0
9571,5,6,66,66,3,3,3,1,0,129000,0
7200,5,5,50,50,3,3,2,2,0,123000,0
7590,5,5,60,60,3,3,4,1,0,169500,0
8967,5,2,102,72,3,2,2,1,0,67000,0
8125,7,5,16,15,4,3,2,2,0,241000,0
14963,8,5,26,26,4,3,1,2,0,245500,0
8767,7,5,17,17,4,3,3,2,0,164990,0
10200,5,8,82,25,3,3,2,1,0,108000,0
12090,8,5,24,24,4,3,4,2,0,258000,0
10364,6,5,27,26,3,3,3,2,0,168000,0
9991,4,4,46,29,3,3,3,2,0,150000,0
10480,6,5,86,72,3,3,3,1,0,115000,0
15576,6,7,107,46,3,3,4,1,0,177000,0
14154,7,5,16,16,4,3,3,3,0,280000,0
10800,8,5,15,14,4,3,3,3,0,339750,0
9571,5,3,64,64,3,2,3,1,0,60000,0
34650,5,5,67,67,3,3,3,2,0,145000,0
4403,7,5,13,13,5,3,2,2,0,222000,0
8960,5,6,95,72,3,3,2,2,0,115000,1
11228,7,5,29,29,4,3,3,3,0,228000,0
8899,7,5,15,15,4,3,3,2,0,181134,0
7844,6,7,44,44,3,3,3,2,0,149500,0
22420,6,6,104,72,3,3,4,3,0,239000,0
8160,5,6,82,72,3,3,3,1,0,126000,0
8450,5,6,54,54,3,3,3,1,0,142000,0
7060,7,5,25,24,3,4,2,4,0,206300,0
16635,6,7,45,22,4,3,3,2,0,215000,0
21750,5,5,68,68,3,3,2,2,0,113000,1
9200,8,5,24,24,4,3,4,3,0,315000,0
9000,6,5,66,66,3,3,2,1,0,139000,0
3378,7,8,76,30,3,4,3,1,0,135000,0
12800,7,5,33,33,4,3,2,2,0,275000,0
8593,4,6,65,65,3,3,3,1,0,109008,0
6762,7,5,15,15,4,3,2,2,0,195400,0
11457,6,5,34,34,3,3,3,2,0,175000,0
1680,6,5,51,51,3,3,2,1,0,85400,0
5586,6,7,102,24,3,3,4,0,0,79900,0
1920,5,5,51,51,3,3,2,2,0,122500,0
10839,6,5,25,24,3,3,3,2,0,181000,0
1890,4,7,50,50,3,4,1,0,0,81000,0
10667,7,6,26,26,4,3,3,2,0,212000,0
4400,6,8,102,72,3,3,2,2,0,116000,0
6000,6,7,96,18,4,3,2,1,0,119000,0
4280,5,6,109,20,3,3,2,1,0,90350,0
12354,6,8,102,22,3,3,3,2,0,110000,0
15431,10,5,14,14,5,3,2,3,0,555000,0
12108,4,4,67,67,3,3,4,0,0,118000,0
6240,5,7,92,30,3,3,3,2,0,162900,0
3922,7,5,16,15,4,3,2,3,0,172500,0
8750,7,5,28,27,4,4,4,2,0,210000,0
9855,6,5,66,66,3,3,3,2,0,127500,0
16492,6,6,56,20,4,3,2,2,0,190000,0
11214,7,5,24,23,4,3,4,2,0,199900,0
8600,6,6,85,72,3,3,3,1,0,119500,0
6000,3,7,74,20,3,4,2,1,0,120000,0
5684,6,8,92,17,3,3,2,1,0,110000,0
70761,7,5,47,47,3,3,2,2,0,280000,0
9303,6,5,26,25,4,3,3,2,0,204000,0
9000,8,5,14,14,4,3,3,2,0,210000,0
9297,5,5,46,46,3,3,4,2,0,188000,0
9600,7,6,49,49,3,3,3,2,0,175500,0
4571,5,5,106,72,3,3,4,3,0,98000,0
53227,4,6,68,28,3,3,2,2,0,256000,0
5100,8,7,97,26,3,4,3,1,0,161000,0
7015,5,4,72,72,3,3,3,1,0,110000,0
8004,8,5,13,13,4,3,3,2,0,263435,0
7200,7,9,86,15,4,4,3,2,0,155000,0
8281,5,5,57,57,3,3,3,1,0,62383,0
11988,6,7,88,27,3,3,3,1,0,188700,0
8430,5,5,44,44,3,3,3,0,0,124000,0
3072,7,5,18,18,4,3,2,2,0,178740,0
10628,7,5,52,52,3,4,2,2,0,167000,0
9480,5,7,80,27,3,3,3,1,0,146500,1
11428,8,5,16,16,4,3,3,3,0,250000,0
9291,6,5,29,29,4,3,3,2,0,187000,0
6820,8,5,37,37,4,3,1,2,0,212000,0
11952,7,6,45,45,3,3,3,2,0,190000,0
3675,6,5,17,17,3,3,2,2,0,148000,0
14977,8,5,16,15,4,3,2,3,0,440000,0
5330,8,5,22,22,4,3,2,2,0,251000,0
8480,5,6,59,59,3,3,2,2,0,132500,0
13125,6,5,25,24,3,3,3,2,0,208900,0
13693,9,5,16,16,5,3,3,3,0,380000,0
10637,8,5,15,14,4,3,3,3,0,297000,0
5925,4,7,85,22,3,3,2,2,0,89471,0
16033,9,5,18,17,4,3,3,3,0,326000,0
11846,9,5,19,18,4,3,2,3,0,374000,0
2500,7,8,107,17,4,3,4,1,0,155000,0
4500,6,5,24,24,3,3,2,2,0,164000,0
7758,5,7,60,21,3,4,3,1,0,132500,0
9600,5,7,72,15,4,3,3,1,0,147000,0
10289,5,7,57,57,3,3,3,2,0,156000,0
12243,5,6,51,51,3,3,3,2,0,175000,0
10800,5,4,122,52,3,2,3,2,0,160000,0
1526,4,8,52,20,3,4,1,1,0,86000,0
2665,5,6,46,46,3,3,3,1,0,115000,0
9490,6,7,81,72,3,3,3,1,0,133000,1
15578,6,5,16,16,4,3,3,2,0,172785,0
7931,5,6,62,62,3,3,3,1,0,155000,0
5784,5,8,84,26,3,3,2,1,0,91300,1
7879,4,5,102,72,3,3,2,0,0,34900,0
12692,8,5,30,29,4,3,4,2,0,430000,0
9120,7,6,97,72,3,4,4,1,0,184000,0
7800,5,7,55,18,3,3,3,1,0,130000,0
7535,5,7,64,37,3,3,2,1,0,120000,0
1890,6,5,49,49,3,3,3,1,0,113000,0
9803,7,5,17,17,4,3,3,2,0,226700,0
9170,5,7,57,57,3,3,2,2,0,140000,0
15602,7,8,63,25,3,3,1,2,0,289000,0
2308,6,5,48,48,3,3,3,2,0,147000,0
7596,5,5,70,70,3,3,4,2,0,124500,1
9554,8,5,29,28,4,3,3,2,0,215000,0
7862,6,5,13,13,4,3,2,2,0,208300,0
9600,7,9,94,17,3,5,3,2,0,161000,0
9600,5,6,63,63,3,3,3,1,0,124500,0
14559,5,7,71,22,4,3,2,1,0,164900,0
6792,7,5,17,16,4,3,2,2,0,202665,0
9100,5,5,64,64,3,3,3,2,0,129900,0
9187,6,5,39,39,3,4,3,2,0,134000,0
10594,5,5,96,72,3,3,2,1,0,96500,0
12220,10,5,13,13,5,3,3,3,0,402861,0
10448,6,6,50,50,3,3,3,2,0,158000,0
10208,7,5,26,25,4,3,3,3,0,265000,0
9531,6,5,24,24,3,3,3,2,0,211000,0
10918,7,9,96,18,4,3,3,1,0,234000,0
10800,4,7,122,22,3,3,3,0,0,106250,0
11988,6,6,65,65,3,3,3,1,0,150000,0
5000,6,7,75,72,3,4,3,2,0,159000,0
40094,10,5,15,14,5,3,3,3,0,184750,0
11787,7,5,26,25,4,3,3,3,0,315750,0
7500,7,5,17,17,4,3,3,2,0,176000,0
13300,5,7,66,22,3,3,2,1,0,132000,0
14948,9,5,14,14,5,3,3,3,0,446261,0
9098,4,7,102,20,3,3,2,0,0,86000,0
32668,6,3,65,47,4,3,4,2,0,200624,0
10200,6,5,34,33,4,3,3,2,0,175000,0
6155,6,8,102,23,3,3,3,2,0,128000,0
7200,5,7,67,15,3,3,2,1,0,107500,0
5000,1,3,76,72,2,2,1,0,0,39300,0
9056,8,5,18,18,4,3,3,2,0,178000,0
7000,5,7,112,31,3,3,3,0,0,107500,0
8924,7,5,24,23,3,3,3,2,0,188000,0
12735,4,5,50,50,3,3,3,2,0,111250,0
11553,5,5,54,54,3,3,3,1,0,158000,0
11423,8,5,21,20,4,3,3,2,0,272000,0
14601,9,5,16,16,5,3,2,3,0,315000,0
11000,8,5,22,22,4,3,4,3,0,248000,0
10140,7,5,24,23,4,3,3,2,0,213250,0
4058,7,5,24,24,3,3,1,1,0,133000,0
17104,7,5,16,16,4,3,3,2,0,179665,0
13837,7,5,34,34,4,4,4,3,0,229000,0
8737,6,7,99,72,3,3,3,2,0,210000,0
7244,5,7,52,52,3,4,2,2,0,129500,0
8235,5,7,67,27,3,4,2,2,0,125000,0
9375,7,5,19,18,4,3,4,2,0,263000,0
4043,6,6,45,45,3,3,2,2,0,140000,0
6000,5,6,65,65,3,3,3,1,0,112500,0
11146,8,5,16,16,4,3,3,3,0,255500,0
8777,4,5,73,19,3,3,2,2,0,108000,0
10625,7,5,19,18,4,3,3,3,0,284000,0
6380,5,6,100,72,3,3,2,1,0,113000,0
14850,5,5,65,65,3,3,2,1,0,141000,0
11040,4,6,102,72,3,3,3,1,0,108000,0
21872,7,5,26,25,3,3,3,2,0,175000,0
3196,7,5,19,18,4,3,2,2,0,234000,0
11341,5,6,65,26,3,3,3,2,0,121500,0
10010,5,5,48,47,3,3,2,2,0,170000,0
13907,5,6,82,53,3,3,3,0,0,108000,0
21780,6,7,104,72,3,3,4,2,0,185000,0
13346,7,5,30,22,4,3,4,2,0,268000,0
6858,6,4,107,72,3,3,4,1,0,128000,0
11198,9,5,17,15,4,3,4,3,0,325000,0
10171,7,5,18,18,4,3,3,2,0,214000,0
12327,8,8,39,13,4,3,1,2,0,316600,0
7032,5,5,43,43,3,3,2,2,0,135960,0
13101,5,5,57,57,3,3,6,2,0,142600,0
7332,6,6,63,63,3,3,2,1,0,120000,0
13159,7,5,13,13,3,3,3,2,0,224500,0
9967,7,5,22,22,3,3,3,2,0,170000,0
10500,5,7,51,17,3,3,3,1,0,139000,0
8480,5,5,75,72,3,3,2,1,0,118500,0
6292,7,7,94,72,3,3,3,1,0,145000,0
11777,5,6,56,56,3,3,3,2,0,164500,0
3604,7,5,15,15,4,3,2,2,0,146000,0
12150,5,5,68,68,3,3,4,1,0,131500,0
14585,6,6,62,35,3,3,3,2,0,181900,0
12704,8,5,14,13,5,3,3,3,0,253293,0
11841,6,5,32,32,3,4,3,0,0,118500,0
13500,10,9,129,22,5,5,3,2,0,325000,1
6120,4,7,87,27,3,3,3,1,0,133000,0
11443,8,5,17,16,4,3,2,3,0,369900,0
10267,6,7,104,22,3,4,2,1,0,130000,0
8740,5,6,40,40,3,3,2,2,0,137000,0
25095,5,8,54,19,3,3,1,1,0,143000,0
9100,5,6,92,62,3,3,2,1,0,79500,0
8320,7,5,18,18,4,3,3,2,0,185900,0
13478,10,5,14,14,5,3,3,3,0,451950,0
6600,5,8,40,19,3,4,2,2,0,138000,0
4435,6,5,19,19,4,3,1,2,0,140000,0
7990,5,6,47,47,3,3,3,1,0,110000,0
11302,8,5,17,16,4,3,3,3,0,319000,0
3600,6,7,112,29,3,3,3,1,0,114504,0
3922,7,5,16,15,4,3,2,3,0,194201,0
12984,5,6,45,45,3,3,3,2,0,217500,0
1950,6,6,42,42,3,4,3,2,0,151000,0
10927,8,5,17,17,4,3,3,2,0,275000,0
9000,6,6,85,72,3,4,3,1,0,141000,0
10041,8,5,30,30,4,3,3,2,0,220000,0
3182,7,5,18,17,4,3,2,2,0,151000,0
12803,7,5,20,20,4,3,3,2,0,221000,0
13600,7,6,57,32,3,3,3,2,0,205000,0
12464,5,5,26,26,3,4,3,2,0,152000,0
7800,5,8,74,20,3,4,3,1,0,225000,0
12168,8,6,88,24,3,3,4,2,0,359100,0
7943,4,5,61,61,3,2,3,1,0,118500,0
11050,9,5,22,22,4,3,3,3,0,313000,0
10395,6,6,44,44,3,3,3,2,0,148000,0
11885,8,5,21,21,4,3,3,2,0,261500,0
8402,5,5,15,15,3,3,3,0,0,147000,0
1491,4,6,50,50,3,3,1,0,0,75500,0
8800,6,7,59,59,3,4,3,2,0,137500,0
7861,6,5,20,19,4,3,3,2,0,183200,0
7227,6,6,68,68,3,3,2,2,0,105500,1
11694,9,5,15,15,5,3,3,3,0,314813,0
12244,8,5,19,19,4,3,4,3,0,305000,0
8248,3,3,108,72,3,3,2,0,0,67000,0
10800,6,7,48,25,3,3,4,2,0,240000,0
7064,5,6,45,45,3,3,3,2,0,135000,0
2117,6,5,22,22,4,3,2,2,0,168500,0
10400,6,5,50,50,3,3,4,2,0,165150,0
10000,6,6,60,60,3,3,3,2,0,160000,0
12342,5,5,62,44,3,3,3,1,0,139900,0
9600,6,6,67,50,3,3,3,1,0,153000,0
11606,5,5,53,53,3,3,5,2,0,135000,0
9020,6,5,58,58,3,3,3,2,0,168500,0
9000,5,6,142,31,3,3,3,1,0,124000,1
4590,8,5,16,16,4,3,2,2,0,209500,0
11900,7,5,45,45,3,4,3,2,0,82500,0
9250,5,7,68,17,3,3,3,1,0,139400,0
6979,6,5,42,42,3,3,0,2,0,144000,0
10896,6,7,108,27,2,3,8,0,0,200000,0
6120,2,3,86,72,2,2,1,0,0,60000,0
6000,5,4,68,68,3,3,3,1,0,93000,0
8777,5,7,112,72,3,3,2,0,0,85000,0
3982,8,5,16,16,4,3,1,3,0,264561,0
12677,8,5,19,18,5,3,1,2,0,274000,0
7050,7,5,21,21,4,3,3,2,0,226000,0
13860,8,7,50,27,4,3,4,2,0,345000,0
10793,5,5,53,53,3,3,4,2,0,152000,0
9187,9,5,13,13,5,3,2,3,0,370878,0
10530,6,5,51,51,3,3,3,2,0,143250,0
7200,5,5,72,72,3,3,3,2,0,98300,0
10452,6,5,69,69,3,3,3,2,0,155000,0
7700,6,5,56,56,3,3,4,2,0,155000,0
1936,4,6,52,52,3,3,1,0,0,84500,0
8125,7,6,15,15,4,3,3,2,0,205950,0
9084,4,5,82,72,3,3,4,1,0,108000,1
8750,7,5,26,26,4,3,2,2,0,191000,0
10320,6,7,116,27,3,3,3,1,0,135000,0
10437,8,6,27,27,4,4,2,3,0,350000,0
1680,6,5,51,51,3,3,3,1,0,88000,0
10007,5,7,63,16,4,3,3,1,0,145500,0
7200,7,6,91,22,3,2,3,1,0,149000,0
17503,6,5,74,72,3,3,3,1,0,97500,1
9937,5,7,58,23,3,4,3,2,0,167000,0
12384,7,7,46,46,3,3,3,2,0,197900,0
46589,8,7,28,17,4,3,4,3,0,402000,0
13560,6,3,54,54,3,3,2,2,0,110000,0
10012,4,5,50,50,3,3,3,2,0,137500,0
20896,8,5,17,16,4,3,1,3,0,423000,0
11194,8,5,22,22,4,3,3,2,0,230500,0
18450,6,5,57,43,3,4,3,2,0,129000,0
8125,6,5,28,24,3,3,3,2,0,193500,0
14175,5,6,66,35,3,3,3,2,0,168000,0
11600,4,5,100,72,3,3,2,1,0,137500,0
8633,6,5,17,17,4,3,3,2,0,173500,0
6629,6,6,97,72,3,4,3,1,0,103600,1
11250,6,6,45,45,4,3,3,2,0,165000,0
14442,6,7,65,18,3,3,3,2,0,257500,0
9200,6,6,57,57,3,3,3,1,0,140000,0
2289,6,6,44,44,3,3,3,2,0,148500,0
9600,4,2,122,72,3,3,4,3,0,87000,0
9022,5,8,98,16,4,3,2,1,0,109500,0
11844,8,5,14,14,4,3,3,3,0,372500,0
9945,5,5,61,61,3,3,3,2,0,128500,0
8012,6,5,42,42,3,3,2,1,0,143000,0
4500,5,5,90,22,3,3,3,1,0,159434,0
2887,6,5,26,25,3,3,2,2,0,173000,0
11248,9,5,20,20,4,3,3,3,0,285000,0
16770,7,5,24,24,4,3,4,2,0,221000,0
5062,7,5,38,38,4,3,3,2,0,207500,0
10207,7,6,15,15,4,3,3,2,0,227875,0
5105,7,5,18,18,4,3,2,2,0,148800,0
8089,8,6,15,15,4,3,2,2,0,392000,0
7577,6,5,17,16,4,3,2,2,0,194700,0
4426,6,5,18,18,4,3,1,2,0,141000,0
21535,10,6,28,27,5,3,4,3,0,755000,0
26178,7,5,33,32,4,3,4,2,0,335000,0
5400,5,6,101,54,3,3,2,1,0,108480,0
6120,5,6,86,72,3,2,3,2,0,141500,0
13811,6,6,35,35,3,3,2,2,0,176000,0
6000,5,7,101,72,3,3,2,1,0,89000,0
6420,5,7,70,70,3,3,2,1,0,123500,0
8450,5,8,57,13,3,4,3,1,0,138500,0
4282,7,5,18,18,4,3,2,2,0,196000,0
14331,8,5,20,20,4,3,3,3,0,312500,0
9600,7,5,53,53,3,3,3,2,0,140000,0
12438,8,5,16,16,5,3,4,3,0,361919,0
7630,5,9,122,26,3,4,4,2,0,140000,0
8400,7,5,18,17,4,3,3,2,0,213000,0
5600,4,5,92,72,2,2,3,0,0,55000,0
115149,7,5,51,20,3,3,2,2,0,302000,0
6240,8,5,16,16,4,3,2,2,0,254000,0
9018,7,5,15,15,4,3,3,2,0,179540,0
7162,5,7,56,56,3,3,3,1,0,109900,0
4130,3,6,87,19,4,3,2,0,0,52000,0
8712,4,7,122,72,3,3,2,1,0,102776,0
4671,8,5,34,33,4,3,2,2,0,189000,0
9873,4,5,52,52,3,3,3,2,0,129000,0
13517,6,8,46,17,4,3,3,2,0,130500,0
10140,6,5,48,48,3,3,3,2,0,165000,0
10800,7,8,132,24,3,4,3,2,0,159500,0
10000,5,6,49,22,3,3,3,2,0,157000,0
10542,7,5,29,28,4,3,3,3,0,341000,0
9920,5,6,53,53,3,3,3,1,0,128500,0
6563,8,5,37,37,4,3,2,2,0,275000,0
4426,6,5,18,18,4,3,1,2,0,143000,0
8120,4,7,52,52,3,4,3,2,0,124500,0
8172,4,6,68,50,3,3,4,1,0,135000,0
13286,9,5,15,14,5,3,3,3,0,320000,0
6960,4,6,52,52,3,3,3,2,0,120500,0
21695,6,9,34,15,4,4,3,2,0,222000,0
7314,7,5,15,15,4,3,2,2,0,194500,0
11475,5,5,64,64,3,3,4,3,0,110000,0
6240,4,5,97,72,3,3,2,2,0,103000,0
5389,8,5,27,26,4,3,2,2,0,236500,0
9590,7,5,19,19,4,3,3,2,0,187500,0
11404,7,5,24,23,4,3,3,2,0,222500,0
10000,5,6,61,39,3,3,3,1,0,131400,0
8978,5,5,54,54,3,3,3,1,0,108000,0
10800,7,7,108,52,3,3,2,2,0,163000,0
8544,3,4,72,72,3,3,2,2,0,93500,0
10463,8,5,17,17,4,3,3,3,0,239900,0
10800,5,5,35,34,3,3,3,0,0,179000,0
9313,7,5,18,18,4,3,3,2,0,190000,0
9600,5,7,112,20,3,4,2,2,0,132000,0
6768,6,8,61,26,3,4,3,1,0,142000,0
8450,7,5,22,21,3,3,3,2,0,179000,0
12886,5,6,59,23,3,3,3,2,0,175000,0
5395,8,5,29,29,4,3,2,2,0,180000,0
8963,8,9,46,26,5,4,4,2,0,299800,0
8795,7,5,22,22,4,3,4,2,0,236000,0
11700,7,7,142,19,4,3,4,4,0,265979,0
10593,7,5,26,26,4,3,3,2,0,260400,0
8405,4,3,77,72,3,3,4,1,0,98000,0
8800,4,7,112,18,3,3,3,0,0,96500,0
7750,7,5,19,19,4,3,3,2,0,162000,0
9236,6,5,25,25,3,4,3,2,0,217000,0
10240,8,5,17,17,4,3,3,3,0,275500,0
7930,6,8,53,17,3,3,3,2,0,156000,0
3230,6,5,23,23,3,3,3,2,0,172500,0
10769,8,5,15,15,4,3,3,2,0,212000,0
11616,6,5,44,44,3,3,3,2,0,158900,0
2280,7,5,23,23,3,3,3,2,0,179400,0
12257,8,5,27,27,4,3,4,3,0,290000,0
9100,6,6,63,63,3,3,2,1,0,127500,0
6911,5,5,98,72,3,3,2,2,0,100000,0
8640,7,5,13,13,3,3,3,2,0,215200,0
9430,8,5,23,23,4,3,3,3,0,337000,0
9549,8,5,27,26,4,4,2,2,0,270000,0
14587,9,5,14,14,4,3,2,2,0,264132,0
10421,7,5,34,34,3,3,3,2,0,196500,0
12508,6,7,82,37,3,3,4,1,0,160000,0
9100,7,5,18,17,4,3,3,2,0,216837,0
53504,8,5,19,19,5,3,4,3,0,538000,0
7252,5,5,40,40,3,3,2,2,0,134900,0
8877,4,5,71,71,3,3,2,2,0,102000,0
7819,6,5,46,46,3,3,3,2,0,107000,0
10150,5,5,64,64,3,3,2,1,0,114500,0
14226,8,5,16,16,4,3,3,3,0,395000,0
4500,6,5,24,24,3,3,2,2,0,162000,0
11210,7,5,17,16,4,3,3,3,0,221500,0
13350,5,5,48,48,3,3,3,2,0,142500,0
8400,5,5,45,45,3,3,4,2,0,144000,0
10530,6,5,45,45,3,3,2,2,0,135000,0
7875,7,5,27,26,3,3,3,2,0,176000,0
7153,6,5,30,30,4,4,3,2,0,175900,0
16285,7,5,21,20,4,3,3,2,0,187100,0
9101,5,6,44,44,3,4,1,2,0,165500,0
6300,6,6,108,21,3,3,3,0,0,128000,0
9790,6,5,55,55,3,3,3,2,0,161500,0
10800,5,6,107,72,3,4,4,1,0,139000,1
10142,7,5,18,18,4,3,4,2,0,233000,0
6000,4,7,68,22,3,3,2,1,0,107900,0
12205,6,8,56,15,3,3,5,2,0,187500,0
3182,7,5,17,16,4,3,2,2,0,160200,0
11333,6,5,46,46,3,3,3,2,0,146800,0
9920,7,5,26,25,4,3,3,2,0,269790,0
9158,8,5,15,15,4,3,3,2,0,225000,0
10832,7,5,28,26,4,3,3,2,0,194500,0
8400,6,6,42,41,3,3,3,2,0,171000,0
8197,6,5,45,45,3,3,3,2,0,143500,0
7677,5,5,69,69,3,3,2,1,0,110000,0
13518,9,5,14,13,5,3,4,3,0,485000,0
7200,5,7,85,72,3,3,3,1,0,175000,0
12798,6,5,25,25,3,3,4,2,0,200000,0
4800,4,7,106,32,3,3,2,2,0,109900,0
8199,7,5,17,17,4,3,3,2,0,189000,0
13891,9,5,14,13,5,3,4,3,0,582933,0
9000,5,5,68,68,3,3,2,1,0,118000,0
12274,7,5,14,14,4,3,3,2,0,227680,0
9750,5,5,55,55,3,3,3,1,0,135500,0
21384,5,6,99,18,3,3,3,2,0,223500,0
13400,5,5,56,56,3,3,3,2,0,159950,0
8100,5,5,124,57,3,3,2,2,0,106000,0
10140,6,6,48,23,3,3,3,2,648,181000,0
4438,6,5,18,18,4,3,1,2,0,144500,0
8712,5,5,70,70,2,3,2,2,0,55993,0
9750,6,6,64,64,3,3,4,1,0,157900,0
8248,5,7,104,72,3,3,3,1,0,116000,0
12137,7,5,24,24,3,3,3,2,0,224900,0
11425,5,6,68,68,3,3,2,1,0,137000,0
13265,8,5,20,20,4,3,3,3,0,271000,0
8816,6,7,51,51,3,3,3,2,0,155000,0
6371,7,5,13,12,4,3,2,2,0,224000,0
7226,7,5,19,19,4,3,3,2,0,183000,0
6000,4,4,69,69,2,3,2,2,0,93000,0
12394,7,5,19,19,4,3,3,2,0,225000,0
9900,6,7,82,72,3,3,3,1,0,139500,0
11216,8,5,16,16,4,3,3,2,0,232600,0
14803,10,5,15,14,5,3,2,3,0,385000,0
6130,5,6,98,72,3,3,2,0,0,109500,0
8529,7,5,21,21,4,3,3,2,0,189000,0
28698,5,5,55,55,3,3,3,2,0,185000,0
2544,7,5,17,17,4,3,2,2,0,147400,0
11900,6,5,65,65,3,3,3,2,0,166000,0
3180,7,5,17,17,3,3,2,2,0,151000,0
9548,7,6,19,19,4,3,3,2,0,237000,0
10004,6,6,58,58,3,3,3,2,0,167000,0
7875,5,6,61,61,3,3,3,2,0,139950,0
9600,4,7,72,27,3,3,2,2,0,128000,0
8100,5,6,74,49,3,3,2,2,0,153500,0
1680,6,5,49,49,3,3,2,1,0,100000,0
9525,5,6,27,16,3,3,3,1,0,144000,0
11767,5,6,76,27,3,3,3,1,0,130500,0
12155,6,8,97,72,3,3,4,1,0,140000,0
10440,5,8,118,20,3,3,3,2,0,157500,0
9020,6,7,56,56,3,3,3,2,0,174900,0
8000,5,4,61,61,3,3,6,0,0,141000,1
12665,5,8,107,72,3,3,4,3,0,153900,1
16647,5,5,47,41,3,3,3,2,0,171000,0
9317,7,5,29,29,4,3,3,2,0,213000,0
15523,5,6,50,50,3,3,3,1,0,133500,0
45600,6,8,114,25,3,3,5,2,0,240000,0
9600,6,7,46,28,4,4,3,2,0,187000,0
4435,6,5,19,19,4,3,1,2,0,131500,0
3196,8,5,19,19,4,3,2,2,0,215000,0
7128,7,5,81,72,3,4,4,1,0,164000,0
12095,6,6,58,58,3,4,3,2,0,158000,0
17920,5,4,67,48,3,3,3,2,0,170000,0
6897,5,8,60,12,3,4,3,1,0,127000,0
10970,6,6,44,44,3,3,3,2,0,147000,0
8125,6,5,28,27,3,3,3,2,0,174000,0
10400,7,5,46,46,3,3,3,2,0,152000,0
11029,6,7,54,38,3,3,4,2,0,250000,0
7642,7,8,104,24,4,3,3,1,0,189950,0
11625,5,4,57,57,3,3,3,2,0,131500,0
9672,6,5,38,37,3,3,3,2,0,152000,0
7931,5,5,63,63,3,3,3,1,0,132500,0
8640,7,5,15,14,4,3,3,2,0,250580,0
8750,5,6,52,52,3,3,3,2,0,148500,0
10656,8,5,16,15,4,3,3,3,0,248900,0
6970,4,5,61,61,3,3,3,2,0,129000,0
14762,5,6,74,72,3,3,2,2,0,169000,0
9938,7,5,29,28,4,3,3,2,0,236000,0
6600,5,5,60,60,3,3,2,1,0,109500,0
8750,6,5,24,24,3,3,3,2,0,200500,0
8892,5,7,69,26,4,3,3,2,0,116000,0
12144,5,7,73,72,4,3,3,1,0,133000,0
5720,5,6,81,72,3,3,3,1,0,66500,1
9000,8,5,15,15,4,3,4,2,0,303477,0
25286,4,5,59,59,3,3,3,2,0,132250,0
8834,9,5,18,17,4,3,4,3,0,350000,0
11782,5,7,61,27,3,3,3,2,0,148000,0
7000,5,8,44,17,4,4,3,1,0,136500,0
7024,5,5,17,16,3,3,2,2,0,157000,0
13758,7,5,32,31,4,4,3,2,0,187500,0
9636,6,5,30,29,3,3,3,2,0,178000,0
6204,4,5,110,72,4,3,5,1,0,118500,0
7150,5,5,55,55,3,3,3,1,0,100000,0
5119,9,5,23,22,4,3,2,2,0,328900,0
8393,5,5,63,17,3,3,4,2,0,145000,0
16466,5,7,67,67,3,4,3,1,0,135500,0
15865,8,6,52,52,4,4,4,2,0,268000,0
12160,6,4,69,69,3,3,2,2,0,149500,0
8064,5,7,73,16,3,4,3,2,0,122900,1
11184,6,5,44,44,3,3,3,2,0,172500,0
8414,6,8,59,19,3,3,3,1,0,154500,0
13284,5,5,68,68,3,3,3,1,0,165000,0
7018,5,5,43,43,3,3,4,2,0,118858,0
7056,6,5,59,59,3,3,4,2,0,140000,0
8765,4,6,86,72,3,3,2,1,0,106500,0
7018,5,5,43,43,3,3,6,2,0,142953,0
12919,9,5,13,12,5,3,2,3,0,611657,0
6993,5,7,61,28,3,3,3,1,0,135000,0
7340,4,6,51,51,3,3,2,1,0,110000,0
8712,5,7,65,22,3,4,2,1,0,153000,0
7875,7,5,19,19,4,3,3,2,0,180000,0
14859,7,5,16,16,4,3,3,3,0,240000,0
6173,5,6,55,55,3,3,3,1,0,125500,0
9920,5,5,68,68,3,3,3,1,0,128000,0
13501,8,5,16,16,4,3,3,3,0,255000,0
11500,7,7,86,35,4,3,3,1,0,250000,0
8885,5,5,39,39,3,3,2,2,0,131000,0
12589,6,5,17,17,4,3,3,2,0,174000,0
11600,5,5,62,62,3,3,5,2,0,154300,0
9286,5,7,45,33,3,3,3,1,0,143500,0
6120,5,7,97,72,3,3,3,1,0,88000,0
6270,5,6,73,72,3,3,4,3,0,145000,0
3000,6,5,13,13,4,3,2,2,0,173733,0
2001,4,5,52,52,3,3,3,1,0,75000,0
9000,2,3,73,72,3,3,1,1,0,35311,0
17140,4,6,66,66,3,3,3,1,0,135000,0
13125,7,5,31,31,4,3,4,3,0,238000,0
11029,6,8,64,20,5,3,3,2,0,176500,0
8462,6,5,28,28,4,4,3,2,0,201000,0
8777,5,7,122,19,3,3,4,0,0,145900,0
10237,6,5,17,16,4,3,3,2,0,169990,0
8012,6,5,29,28,4,3,2,2,0,193000,0
10240,6,6,42,42,3,4,3,2,0,207500,0
15611,5,6,45,45,3,3,3,2,0,175000,0
11999,8,5,19,18,4,3,4,3,0,285000,0
9900,7,5,54,54,3,3,4,2,0,176000,0
11838,8,5,21,21,4,3,3,2,0,236500,0
13006,7,5,25,25,3,3,4,2,0,222000,0
8925,8,5,15,15,4,3,3,3,0,201000,0
9100,5,6,57,57,3,3,2,1,0,117500,0
11670,9,5,16,16,5,3,3,3,0,320000,0
8487,7,5,18,18,4,3,3,2,0,190000,0
27650,7,7,62,15,3,3,4,2,0,242000,0
5825,4,5,96,69,3,4,1,2,0,79900,0
10083,7,5,19,19,4,3,2,2,0,184900,0
9675,7,5,17,17,4,3,3,2,0,253000,0
8760,7,5,16,16,4,3,3,3,0,239799,0
24090,7,7,82,72,3,4,4,1,0,244400,0
12640,6,5,46,46,3,3,4,2,0,150900,0
8755,7,5,23,23,4,3,3,2,0,214000,0
7711,4,3,45,45,3,3,4,0,0,150000,0
25000,5,4,55,55,3,3,4,2,0,143000,0
14375,6,6,64,64,3,3,3,2,0,137500,0
8820,5,6,132,26,3,3,2,2,0,124900,0
8163,5,6,63,63,3,4,3,1,0,143000,0
14536,8,5,20,19,4,3,3,3,0,270000,0
14006,7,5,20,20,4,3,3,2,0,192500,0
9360,6,7,50,16,3,3,3,2,0,197500,0
7200,5,8,72,20,3,3,3,2,0,129000,0
7800,5,5,57,57,3,3,3,1,0,119900,0
7200,5,8,50,19,3,4,2,1,0,133900,0
11075,5,4,53,53,3,3,4,2,0,172000,0
9400,6,5,47,47,3,3,4,0,0,127500,0
7136,6,6,76,72,3,3,4,2,0,145000,0
1300,6,6,42,42,3,3,2,2,0,124000,0
7420,5,5,60,60,3,3,3,2,0,132000,0
8450,7,5,19,19,4,3,3,2,0,185000,0
2572,7,5,23,23,4,3,3,2,0,155000,0
7207,5,7,64,14,3,4,2,0,0,116500,0
12227,6,7,45,27,3,4,4,2,0,272000,0
2308,6,6,46,46,3,3,3,2,0,155000,0
11923,9,5,15,15,4,3,2,2,0,239000,0
11316,7,5,20,19,4,3,4,2,0,214900,0
10237,6,5,17,15,4,3,3,2,0,178900,0
9600,5,7,82,72,4,4,2,1,0,160000,0
7390,5,7,67,67,3,3,3,1,0,135000,0
5925,3,6,112,72,3,3,2,0,0,37900,0
10382,6,5,64,64,3,2,2,1,0,140000,0
10800,4,4,73,72,3,3,4,0,0,135000,0
2268,7,5,19,18,4,3,2,2,0,173000,0
7892,6,5,43,43,3,3,2,1,0,99500,0
11639,7,5,15,14,4,3,3,2,0,182000,0
11414,7,8,112,29,3,4,3,2,0,167500,0
2651,7,5,22,22,4,3,3,2,0,165000,0
5900,4,7,99,64,3,3,2,0,0,85500,0
4274,7,5,16,15,4,3,1,2,0,199900,0
9450,4,5,68,68,3,3,3,2,0,110000,0
8816,5,6,59,59,3,3,3,2,0,139000,0
12122,7,9,61,15,5,3,3,2,0,178400,0
12203,8,5,24,23,4,3,4,3,0,336000,0
3182,7,5,15,15,4,3,2,2,0,159895,0
11250,8,5,20,20,4,3,4,2,0,255900,0
10125,5,5,45,45,3,3,4,2,0,126000,0
10880,5,5,72,72,3,3,3,1,0,125000,0
5310,6,8,112,19,3,4,2,1,0,117000,0
10159,9,5,13,12,5,3,3,3,0,395192,0
12046,6,6,46,46,3,3,4,2,0,195000,0
8125,7,5,16,16,4,3,3,2,0,197000,0
9452,8,5,25,24,4,3,3,3,0,348000,0
17671,8,9,140,36,4,4,4,2,0,168000,1
9760,6,8,58,29,3,3,3,2,0,187000,0
8846,6,5,17,16,3,3,3,2,0,173900,0
12456,10,5,16,15,5,3,3,3,0,337500,0
4712,4,7,76,72,3,3,3,1,0,121600,0
10659,5,6,61,61,3,3,3,1,0,136500,0
11717,6,6,52,52,3,3,2,2,0,185000,0
9786,3,4,100,72,3,3,3,1,0,91000,0
6762,7,5,16,16,4,3,2,2,0,206000,0
10206,3,3,70,70,3,3,2,2,0,82000,0
5400,5,6,102,72,3,3,2,1,0,86000,0
11957,8,5,16,16,4,3,3,3,0,232000,0
11500,5,6,46,46,3,3,4,2,0,136905,0
3182,7,5,17,16,4,3,1,2,0,181000,0
8385,5,8,45,45,4,3,3,1,0,149900,0
12155,6,3,52,52,3,3,3,2,0,163500,0
2217,4,4,52,52,3,3,3,1,0,88000,0
12118,7,5,18,17,4,3,3,2,0,240000,0
6000,5,5,96,72,3,2,4,0,0,102000,0
21286,5,5,74,72,3,3,4,1,0,135000,0
9825,5,5,57,57,3,3,4,0,0,100000,0
10592,6,7,99,26,3,4,3,1,0,165000,0
7200,5,4,112,16,3,3,2,1,0,85000,0
11664,6,5,74,72,3,3,2,1,0,119200,1
8400,8,6,21,21,4,3,3,2,0,227000,0
11883,7,5,26,26,4,3,3,2,0,203000,0
5814,8,5,38,38,4,3,1,2,0,187500,0
10784,7,5,31,30,4,3,3,2,0,160000,0
3013,7,5,17,17,4,3,2,2,0,213490,0
7024,4,5,17,17,3,3,2,2,0,176000,0
7406,7,5,16,16,4,3,2,2,0,194000,0
9439,5,5,92,72,3,3,2,1,0,87000,0
3182,7,5,17,16,4,3,2,2,0,191000,0
15498,8,6,46,46,4,3,2,2,0,287000,0
7700,5,5,50,50,3,3,3,2,0,112500,0
9300,5,5,62,62,3,3,3,2,0,167500,0
9520,8,5,15,14,4,3,3,3,0,293077,0
9492,5,5,81,72,3,3,3,1,0,105000,1
1680,6,7,50,50,3,3,3,1,0,118000,0
7082,5,8,106,27,3,3,5,0,0,160000,0
15863,7,3,102,52,3,3,5,2,0,197000,0
14541,8,7,29,29,4,4,5,3,0,310000,0
8125,7,5,20,20,4,3,3,3,0,230000,0
6305,5,7,84,72,3,4,2,1,0,119750,0
11500,4,3,65,65,3,4,3,1,0,84000,0
12898,9,5,15,14,4,3,2,3,0,315500,0
9240,8,5,21,20,4,3,3,2,0,287000,0
1533,4,6,52,14,3,3,3,0,0,97000,0
1477,4,4,52,52,3,3,1,1,0,80000,0
13125,5,4,65,22,3,3,3,2,0,155000,0
9130,6,8,56,22,3,3,4,2,0,173000,0
5381,6,5,17,17,4,3,1,2,0,196000,0
11839,7,5,32,32,3,3,4,2,0,262280,0
9600,8,5,41,41,4,3,4,2,0,278000,0
13680,3,5,67,67,3,3,4,2,0,139600,0
16056,9,5,17,16,4,3,4,3,0,556581,0
9245,5,5,28,27,3,3,3,2,0,145000,0
21750,5,4,62,16,3,2,3,2,0,115000,0
11100,4,7,76,16,3,3,2,1,0,84900,0
8993,7,5,15,15,4,3,3,2,0,176485,0
11175,7,5,15,15,4,3,3,2,0,200141,0
9500,6,6,58,44,3,3,4,2,0,165000,1
8562,5,6,65,20,3,3,4,1,0,144500,0
11367,8,5,20,20,4,3,3,2,0,255000,0
11361,6,5,46,46,3,3,3,2,0,180000,0
7052,7,5,17,17,4,3,2,2,0,185850,0
29959,7,6,28,28,4,3,3,2,0,248000,0
11308,9,5,14,14,5,3,3,3,0,335000,0
11275,6,7,90,72,3,3,3,2,0,220000,0
4920,8,5,21,21,4,3,2,2,0,213500,0
18000,3,4,87,72,2,3,2,3,0,81000,0
13600,5,5,122,72,3,3,5,2,0,90000,0
6000,6,6,97,42,3,4,2,2,0,110500,1
11000,5,6,56,56,3,3,3,2,0,154000,0
14000,7,5,26,25,4,3,3,2,0,328000,0
7837,6,7,29,28,4,3,3,2,0,178000,0
9760,6,6,58,58,3,3,4,2,0,167900,0
3964,6,4,49,49,3,3,5,2,0,151400,0
9600,5,7,73,19,3,3,2,2,0,135000,0
10152,5,5,66,66,3,3,3,1,0,135000,0
11700,6,6,54,54,3,3,4,2,0,154000,0
7585,5,3,74,72,3,3,4,1,0,91500,1
7950,6,6,45,45,3,3,3,2,0,159500,0
8556,7,5,16,16,4,3,2,3,0,194000,0
13125,7,6,82,38,3,3,3,1,0,219500,0
10800,5,8,86,33,3,3,3,2,0,170000,0
15870,5,5,53,53,3,3,3,1,0,138800,0
4435,6,5,18,18,4,3,1,2,0,155900,0
8775,5,5,28,28,3,3,3,1,0,126000,0
11040,6,7,51,18,4,4,3,2,0,145000,0
7500,5,5,59,59,3,3,3,1,0,133000,0
8749,7,5,20,20,4,3,3,2,0,192000,0
8800,6,6,58,58,3,3,3,1,0,160000,0
13031,6,5,27,26,3,3,3,2,0,187500,0
9069,6,6,30,30,3,3,2,2,0,147000,0
1974,4,5,49,49,3,3,3,1,0,83500,0
10574,8,5,17,16,4,3,3,3,0,252000,0
2522,7,5,18,18,4,3,3,2,0,137500,0
3316,8,5,17,17,4,3,1,2,0,197000,0
8544,3,4,72,72,3,3,2,2,0,92900,0
2160,7,5,23,22,4,3,2,2,0,160000,0
8400,6,5,97,72,3,3,4,2,0,136500,0
9230,5,8,57,24,3,3,1,2,0,146000,0
5868,5,7,66,22,3,3,2,1,0,129000,0
9317,6,5,16,16,4,3,3,2,0,176432,0
6882,6,7,108,16,3,3,3,0,0,127000,0
3696,8,5,36,36,4,3,2,2,0,170000,0
6000,4,6,86,72,3,3,3,1,0,128000,0
11880,7,5,44,44,3,3,3,2,0,157000,0
8400,2,5,102,72,3,3,1,1,0,60000,0
9758,5,5,51,51,3,3,3,1,0,119500,0
7000,5,7,62,20,3,3,2,1,0,135000,0
8910,6,6,63,63,3,3,3,2,0,159500,0
2016,5,5,52,52,3,3,3,2,0,106000,0
12256,8,5,28,27,4,3,3,2,0,325000,0
10357,7,5,32,31,4,3,3,2,0,179900,0
23257,7,5,16,16,4,3,3,2,0,274725,0
8063,6,5,22,22,3,3,3,2,0,181000,0
11362,8,5,18,17,4,3,3,3,0,280000,0
8000,6,5,27,26,3,3,3,2,0,188000,0
10480,7,6,46,46,3,3,4,2,0,205000,0
7100,5,7,65,65,3,3,2,1,0,129900,0
8923,5,7,69,16,3,3,2,1,0,134500,0
5400,5,7,68,22,3,4,2,1,0,117000,0
12085,8,5,15,15,4,3,3,3,0,318000,0
7750,8,5,20,20,4,3,3,2,0,184100,0
9764,5,7,55,19,3,3,3,2,0,130000,0
13825,5,6,64,35,3,4,3,1,0,140000,0
7560,5,5,63,63,3,3,3,1,0,133700,0
8263,6,5,102,72,3,3,2,1,0,118400,0
10084,7,5,17,16,4,3,3,3,0,212900,0
8926,4,3,66,66,3,3,3,1,0,112000,0
9405,5,9,75,14,3,5,2,0,0,118000,0
9125,7,5,30,30,3,3,3,2,0,163900,0
10434,4,5,67,67,3,3,2,2,0,115000,0
3684,7,5,15,15,4,3,2,3,0,174000,0
14572,7,5,18,18,4,3,3,3,0,259000,0
11796,7,5,18,17,4,3,4,2,0,215000,0
7200,5,5,42,42,3,3,2,2,0,140000,0
7804,4,3,94,72,3,3,4,2,0,135000,0
10712,5,5,31,30,3,3,3,0,0,93500,0
9900,6,4,142,72,3,3,5,1,0,117500,0
9828,8,5,27,27,4,3,3,2,0,239500,0
8773,6,5,25,25,3,3,3,2,0,169000,0
6180,6,5,96,72,3,3,2,1,0,102000,0
9600,6,5,72,72,3,3,3,1,0,119000,0
6342,5,8,147,26,3,4,2,0,0,94000,0
9819,6,5,45,45,3,3,2,2,0,196000,0
8731,5,5,102,72,3,2,3,2,0,144000,0
7350,5,7,71,71,3,3,2,2,0,139000,0
10304,5,7,46,46,3,4,4,2,0,197500,0
9965,8,5,16,15,4,3,4,3,0,424870,0
9000,5,3,63,63,3,3,3,0,0,80000,0
12180,4,4,81,72,3,2,2,1,0,80000,0
6240,5,6,94,72,3,3,3,1,0,149000,0
11200,6,5,37,37,4,3,3,2,0,180000,0
12000,7,7,81,72,3,3,3,1,0,174500,0
5700,7,7,96,72,3,3,2,1,0,116900,0
9000,7,9,102,34,3,4,3,2,0,143000,1
8280,6,5,72,72,3,3,2,1,0,124000,0
17755,5,4,63,63,3,3,3,2,0,149900,0
14115,6,7,66,18,3,3,2,2,0,230000,0
5890,6,8,92,15,4,4,2,1,0,120500,0
13700,7,6,57,34,3,3,4,2,0,201800,0
10768,5,8,46,18,4,4,3,2,0,218000,0
9350,5,8,57,23,3,4,3,2,0,179900,0
5001,7,5,15,14,4,3,2,2,0,230000,0
11932,8,5,15,14,4,3,3,3,0,235128,0
9120,6,6,48,48,4,3,4,2,0,185000,0
2280,6,5,44,44,3,3,3,2,0,146000,0
14778,6,7,68,16,4,3,3,2,0,224000,0
8724,5,5,54,54,3,3,3,2,0,129000,0
12900,4,4,53,53,3,3,0,2,0,108959,0
16157,5,7,44,44,3,3,2,2,0,194000,0
9541,7,5,13,13,4,3,3,2,0,233170,0
10475,8,5,14,14,4,3,3,3,0,245350,0
10852,6,5,22,22,3,3,3,2,0,173000,0
13728,6,7,87,36,3,3,4,2,0,235000,0
35760,10,5,27,26,4,4,4,3,0,625000,0
9880,6,6,45,45,3,3,3,1,576,171000,0
9120,6,6,64,64,3,3,3,2,0,163000,0
4017,7,5,16,15,4,3,2,2,0,171900,0
18030,5,6,76,28,3,3,3,0,0,200500,0
16560,6,8,90,72,3,3,4,2,0,239000,0
10678,8,5,30,22,4,3,4,2,0,285000,0
6951,5,5,38,37,3,3,3,1,0,119500,0
3950,6,8,96,18,3,3,3,1,0,115000,1
7681,5,6,101,72,3,3,3,1,0,154900,0
8335,5,5,68,68,3,3,3,0,0,93000,0
11170,7,5,32,31,3,3,4,2,0,250000,0
5587,8,5,14,14,5,3,2,2,0,392500,0
15623,10,5,26,26,4,3,4,3,555,745000,0
10800,5,6,102,72,3,3,2,2,0,120000,0
35133,5,4,59,59,3,3,3,3,0,186700,0
9738,5,7,98,72,3,4,4,1,0,104900,0
10615,3,5,122,52,3,3,3,2,0,95000,1
12461,8,5,28,27,4,3,2,3,0,262000,0
8935,7,5,20,20,4,3,3,2,0,195000,0
7500,7,5,23,23,3,3,3,2,0,189000,0
32463,4,4,61,47,3,4,3,4,0,168000,0
2645,8,5,23,22,4,3,2,2,0,174000,0
9600,5,8,97,28,3,3,3,1,0,125000,0
4500,6,5,23,23,3,3,2,2,0,165000,0
9364,6,7,53,53,3,3,4,1,0,158000,0
8029,6,5,17,17,3,3,3,2,0,176000,0
14054,7,5,16,16,4,3,4,3,0,219210,0
8850,7,6,106,72,3,3,3,1,0,144000,0
9100,7,5,21,21,4,3,3,2,0,178000,0
11235,4,5,59,43,3,3,3,2,0,148000,0
9353,4,5,52,52,3,3,3,1,0,116050,0
10400,7,5,24,24,3,3,3,2,0,197900,0
6000,5,8,97,25,3,3,3,1,0,117000,0
9750,7,5,22,21,4,3,3,2,0,213000,0
10140,5,6,47,47,3,3,3,2,0,153500,0
14684,7,7,32,31,4,3,3,3,0,271900,0
8900,4,4,56,56,3,3,2,1,0,107000,0
9135,6,5,19,19,4,3,3,2,0,200000,0
7763,5,7,60,42,3,4,3,2,0,140000,0
10182,8,5,16,16,4,3,3,2,0,290000,0
11218,6,5,30,30,4,3,3,2,0,189000,0
12134,8,7,34,17,4,3,4,2,0,164000,0
9340,4,6,81,72,3,3,2,1,0,113000,0
10246,4,9,57,21,3,4,0,1,0,145000,0
10205,5,5,60,60,3,3,3,1,0,134500,0
7094,5,5,56,56,3,3,3,1,0,125000,0
8930,6,5,44,44,3,3,4,2,0,112000,0
8640,8,5,13,13,4,3,3,2,0,229456,0
6240,4,5,75,72,3,3,2,0,0,80500,0
1680,6,5,51,51,3,3,3,0,0,91500,0
7800,5,5,58,58,3,3,2,1,0,115000,0
8250,5,5,54,54,3,3,3,1,0,134000,0
10496,6,6,73,72,3,3,3,1,0,143000,1
10680,5,3,71,71,3,3,4,2,0,137900,0
15384,7,5,18,17,4,3,3,2,0,184000,0
10482,6,8,64,64,3,4,3,1,0,145000,0
14598,6,5,15,15,4,3,4,3,0,214000,0
8872,5,8,57,14,3,3,2,2,0,147000,0
8769,9,5,14,14,5,3,1,3,0,367294,0
7910,5,5,62,62,3,3,4,1,0,127000,0
18890,5,5,45,45,3,3,4,2,0,190000,0
7728,5,6,60,60,3,3,3,2,0,132500,0
9842,4,5,60,60,3,3,2,2,0,101800,0
12160,5,5,63,63,3,3,3,2,0,142000,0
8525,5,6,111,72,3,3,4,0,0,130000,0
13132,5,5,108,72,3,3,4,1,0,138887,0
2628,7,5,19,19,4,3,2,2,0,175500,0
12393,7,5,18,17,4,3,4,2,0,195000,0
13072,6,5,17,17,4,3,3,2,0,142500,0
9037,8,5,16,16,4,3,2,2,0,265900,0
8158,7,5,19,19,4,3,3,2,0,224900,0
9849,7,6,15,15,4,3,3,3,0,248328,0
10625,7,6,48,48,3,3,3,2,0,170000,0
13891,10,5,16,16,5,3,2,3,0,465000,0
11435,8,7,93,72,3,3,3,2,0,230000,0
12090,6,7,38,19,3,3,3,2,0,178000,0
8125,7,5,17,16,4,3,3,2,0,186500,0
12328,6,5,46,46,3,3,3,3,0,169900,0
9600,6,5,105,72,3,3,3,2,0,129500,0
7200,5,7,72,72,3,3,3,1,0,119000,0
11160,7,5,54,54,4,3,3,2,0,244000,0
3136,7,5,19,19,4,3,2,2,0,171750,0
9858,5,6,54,54,3,3,3,1,0,130000,0
17542,7,7,48,19,4,3,3,2,0,294000,0
6931,7,5,19,18,4,3,3,2,0,165400,0
6240,6,6,91,72,3,3,3,1,0,127500,0
14303,8,5,28,28,4,3,2,2,0,301500,0
4060,5,8,100,72,3,3,2,0,0,99900,0
9587,7,5,17,17,4,3,2,2,0,190000,0
9750,6,8,53,53,3,3,3,2,0,151000,0
24682,6,5,23,23,3,3,3,2,0,181000,0
9600,5,6,66,66,3,3,2,1,0,128900,0
11250,4,5,65,33,3,3,5,1,0,161500,0
13515,6,6,103,72,3,3,3,2,0,180500,0
4060,6,5,24,23,4,3,2,2,0,181000,0
3735,7,5,23,23,4,3,3,2,0,183900,0
10120,7,4,112,72,2,3,4,1,0,122000,0
13214,9,5,14,13,5,3,3,3,0,378500,0
14100,8,9,87,25,3,4,4,3,0,381000,0
11344,5,5,64,64,3,3,3,1,0,144000,0
23595,7,6,43,43,4,3,0,2,0,260000,0
9156,6,7,54,54,3,3,3,2,0,185750,0
13526,5,6,57,57,3,3,3,1,0,137000,0
11512,6,7,63,16,3,3,2,1,0,177000,0
5362,5,6,112,19,3,3,3,2,0,139000,0
11345,5,5,74,72,3,3,4,2,0,137000,0
12936,6,6,50,50,3,3,3,2,0,162000,0
17871,6,5,55,46,3,3,3,2,0,197900,0
9473,8,5,20,20,4,3,3,2,0,237000,0
7500,4,4,102,72,3,4,2,2,0,68400,0
9808,7,5,20,20,4,3,3,2,0,227000,0
8049,7,5,32,32,3,3,2,2,0,180000,0
8800,5,7,45,14,3,3,3,2,0,150500,0
9400,6,5,51,51,3,3,4,0,0,139000,0
9638,6,7,103,32,3,3,4,1,0,169000,0
6000,6,6,83,72,3,2,4,1,0,132500,0
9790,6,5,59,59,3,3,3,2,0,143000,0
36500,5,5,58,58,3,4,4,2,0,190000,0
5664,8,5,22,22,4,3,2,2,0,278000,0
11065,8,5,16,16,4,3,3,3,0,281000,0
14112,5,7,58,58,3,3,3,2,0,180500,0
1680,5,7,50,50,3,3,3,1,0,119500,0
6600,5,4,130,57,3,3,4,1,0,107500,0
10140,7,5,46,46,3,3,4,2,0,162900,0
8172,5,7,67,32,3,3,2,2,0,115000,0
8400,5,5,54,54,3,3,3,1,0,138500,0
8700,5,6,59,59,3,4,3,2,0,155000,0
3675,6,5,17,16,3,3,2,2,0,140000,0
63887,10,5,14,14,5,3,3,2,480,160000,0
7500,5,7,63,28,3,3,3,1,0,154000,0
10762,7,5,23,23,4,3,3,2,0,225000,0
7500,6,7,80,72,3,3,3,1,0,177500,0
10120,8,5,28,28,4,3,4,3,0,290000,0
8688,7,5,17,17,4,3,3,3,0,232000,0
3363,7,5,18,18,4,3,3,2,0,130000,0
13173,9,5,16,15,4,3,2,2,0,325000,0
6955,7,5,17,16,4,3,2,2,0,202500,0
8072,5,5,28,27,3,4,3,2,0,138000,0
12000,5,7,74,17,3,3,2,2,0,147000,0
7153,6,5,31,31,3,3,3,2,0,179200,0
17500,7,8,63,20,4,4,3,2,0,335000,0
8814,7,5,17,15,4,3,3,2,0,203000,0
9572,8,5,32,32,4,3,4,2,0,302000,0
14774,9,5,23,23,4,3,4,3,0,333168,0
8190,4,6,68,68,3,3,3,1,0,119000,0
11075,6,5,53,53,3,3,4,2,0,206900,0
10226,8,5,14,14,4,3,3,3,0,295493,0
4230,7,5,16,15,4,3,2,2,0,208900,0
14781,8,5,21,20,4,3,3,3,0,275000,0
10215,4,5,68,68,3,3,3,1,0,111000,0
8400,6,3,65,65,3,3,3,2,0,156500,0
6627,3,6,73,72,3,3,2,1,0,72500,0
10186,7,5,30,30,4,3,3,2,0,190000,0
5330,4,7,82,72,2,3,2,0,0,82500,0
9986,8,5,16,15,4,3,2,3,0,147000,0
3636,4,4,100,72,3,3,2,0,0,55000,0
4270,3,6,91,16,3,3,3,0,0,79000,0
6600,5,9,40,14,4,4,3,1,0,130500,0
10440,6,7,102,72,4,4,5,2,0,256000,0
9084,7,5,24,24,3,3,3,2,0,176500,0
10000,8,5,16,16,4,3,3,3,0,227000,0
10780,5,5,46,46,3,3,3,2,0,132500,0
8877,4,6,84,64,3,3,2,1,0,100000,0
7200,5,6,84,27,3,3,2,1,0,125500,0
2368,5,6,52,52,3,3,3,2,0,125000,0
9650,6,5,45,45,3,3,2,2,0,167900,0
9246,5,5,49,49,3,3,4,2,0,135000,0
4118,4,4,81,72,3,3,2,0,0,52500,0
13450,7,5,20,20,4,3,3,2,0,200000,0
9560,5,7,50,50,3,4,3,1,0,128500,0
8294,4,5,51,51,3,3,3,4,0,123000,0
13695,6,5,19,18,3,3,3,2,0,155000,0
9375,8,5,20,20,4,3,3,2,0,228500,0
7558,6,6,94,72,3,3,3,2,0,177000,0
11103,7,5,16,16,4,3,3,2,0,155835,0
6000,4,4,102,72,3,3,2,1,0,108500,0
20781,7,7,54,19,3,3,3,2,0,262500,0
15306,8,5,16,15,4,3,3,3,0,283463,0
16196,7,5,24,24,4,3,3,2,0,215000,0
5250,8,5,150,35,3,4,4,0,0,122000,0
11643,5,5,53,53,3,3,6,4,0,200000,1
9247,6,6,60,60,3,3,4,2,0,171000,0
6000,6,9,85,22,4,3,2,2,0,134900,0
14720,8,5,27,26,4,3,4,3,0,410000,0
10316,7,5,22,22,4,3,3,3,0,235000,0
10192,7,6,54,30,3,3,4,2,0,170000,0
9477,5,5,56,56,3,3,3,1,0,110000,0
12537,5,6,51,14,3,3,3,2,0,149900,0
2117,6,5,22,22,4,3,3,2,0,177500,0
16737,9,5,18,17,4,3,3,3,0,315000,0
9842,5,6,101,24,3,3,4,2,0,189000,0
16158,7,5,17,17,4,3,3,2,0,260000,0
12513,4,4,102,15,3,4,4,1,0,104900,0
8499,6,5,16,15,3,3,3,2,0,156932,0
3180,7,5,17,17,4,3,2,2,0,144152,0
7500,7,5,22,22,4,3,3,2,0,216000,0
9179,7,5,23,23,4,3,3,2,0,193000,0
2665,5,6,45,45,3,3,4,1,0,127000,0
4435,6,5,19,18,4,3,1,2,0,144000,0
10635,8,5,19,19,4,3,3,2,0,232000,0
5400,4,6,102,72,2,3,2,1,0,105000,1
9600,6,6,67,26,3,3,3,1,0,165500,0
9750,7,6,24,24,3,3,3,2,0,274300,0
11400,10,5,21,20,5,3,2,3,0,466500,0
10625,7,5,17,17,4,3,3,3,0,250000,0
10991,8,5,15,15,4,3,3,3,0,239000,0
6292,6,5,92,72,3,3,2,1,0,91000,0
10998,5,5,81,62,3,3,3,2,0,117000,0
1953,6,5,49,49,3,3,2,1,0,83000,0
9735,5,5,16,15,3,3,3,2,0,167500,0
8212,3,3,108,72,3,2,2,1,0,58500,0
12925,6,7,52,52,3,3,4,2,0,237500,0
7200,7,7,102,72,3,3,4,2,0,157000,0
25339,5,7,104,15,3,4,3,2,0,112000,0
9060,6,5,83,72,3,3,2,1,0,105000,0
5436,4,8,100,15,3,4,3,1,0,125500,0
16692,7,5,44,44,3,3,5,2,519,250000,0
8520,6,7,106,72,3,4,5,1,0,136000,1
14892,9,5,16,15,5,3,3,3,0,377500,0
6000,6,6,81,72,3,4,3,2,0,131000,0
9100,7,5,22,22,4,3,3,2,0,235000,0
8944,5,5,55,55,3,3,4,3,0,124000,0
7838,5,5,55,55,3,3,3,1,0,123000,0
10800,6,7,117,22,3,3,3,2,0,163000,0
4045,7,5,16,16,4,3,2,3,0,246578,0
12665,8,5,17,16,4,3,4,3,0,281213,0
57200,5,5,74,72,3,3,3,2,0,160000,0
6120,5,8,102,18,3,3,4,1,0,137500,0
7200,5,4,72,40,3,3,3,1,0,138000,0
6171,6,6,97,32,3,3,3,1,0,137450,0
6000,6,7,93,72,3,3,3,1,0,120000,0
7415,6,5,18,18,3,3,3,2,0,193000,0
6762,7,5,16,16,4,3,2,2,0,193879,0
15256,8,5,15,15,4,3,3,3,0,282922,0
10410,3,4,107,72,3,3,3,3,0,105000,1
3842,8,5,18,17,4,3,2,2,0,275000,0
8445,5,7,50,15,3,3,2,2,0,133000,0
8780,5,5,37,37,3,3,3,0,0,112000,0
7740,4,7,112,72,3,3,3,2,0,125500,0
20544,7,6,36,31,3,4,3,2,0,215000,0
12420,7,5,21,21,4,3,3,2,0,230000,0
9600,6,8,72,17,3,4,3,1,0,140000,0
7200,4,5,73,72,3,3,2,2,0,90000,0
10994,8,5,17,16,4,3,2,2,0,257000,0
13053,6,7,99,22,3,3,4,2,0,207000,0
3635,7,5,15,15,4,3,1,3,0,175900,0
11340,4,6,137,72,3,3,4,2,0,122500,0
16545,8,5,24,24,4,3,3,3,0,340000,0
9204,5,5,59,59,3,3,3,1,0,124000,0
16381,6,5,53,53,4,4,3,2,0,223000,0
11700,6,6,54,54,3,3,3,2,0,179900,0
4043,6,5,45,45,3,3,2,2,0,127500,0
4435,6,5,19,19,4,3,1,2,0,136500,0
19690,6,7,56,56,4,4,4,2,738,274970,0
9503,5,5,64,39,3,3,2,1,0,144000,0
10721,6,6,63,63,4,3,3,2,0,142000,0
10944,7,5,28,28,4,3,3,2,0,271000,0
10930,5,6,77,72,3,3,3,1,0,140000,1
7200,5,7,82,30,3,4,2,1,0,119000,0
12546,6,7,41,41,4,4,3,2,0,182900,0
21930,5,5,17,17,4,3,4,2,0,192140,0
4928,6,6,46,46,3,3,2,2,0,143750,0
10800,4,6,95,15,3,3,4,1,0,64500,0
10261,6,5,22,22,3,3,3,2,0,186500,0
17400,5,5,45,45,3,3,3,2,0,160000,0
8400,6,9,60,17,4,4,3,2,0,174000,0
9000,4,6,51,51,3,3,3,2,0,120500,0
12444,8,5,14,14,5,3,2,3,0,394617,0
7407,6,7,65,26,3,3,2,2,0,149700,1
11584,7,6,43,43,3,3,3,2,0,197000,0
11526,6,7,100,28,3,3,3,2,0,191000,0
4426,6,5,18,18,4,3,1,2,0,149300,0
11003,10,5,14,14,5,3,3,3,0,310000,0
8854,6,6,106,72,3,3,2,1,0,121000,0
8500,7,5,18,18,4,3,3,2,0,179600,0
8400,6,5,56,56,3,3,3,1,0,129000,0
26142,5,7,60,60,3,3,3,1,0,157900,0
10000,8,5,27,26,4,3,3,2,0,240000,0
11767,4,7,112,22,3,3,2,1,0,112000,0
1533,5,7,52,52,3,3,1,0,0,92000,0
9000,5,5,48,48,3,3,4,0,0,136000,0
9262,8,5,14,13,4,3,3,3,0,287090,0
3675,5,5,17,17,3,3,2,2,0,145000,0
17217,5,5,16,16,3,3,3,0,0,84500,0
7500,7,5,18,17,4,3,2,2,0,185000,0
7917,6,5,23,22,3,3,3,2,0,175000,0
13175,6,6,44,34,3,3,3,2,0,210000,0
9042,7,9,81,16,5,4,4,1,0,266500,0
9717,5,6,72,26,3,3,2,1,0,142125,0
9937,5,6,57,57,4,3,3,1,0,147500,0
